{"count":1,"self":313.02144,"total":1963.9038340999998,"children":{"InitializeSensors":{"count":1,"self":0.00099899999999999989,"total":0.00099899999999999989,"children":null},"AgentSendState":{"count":36248,"self":3.4514251999999996,"total":1417.5566628,"children":{"CollectObservations":{"count":36248,"self":0.2049238,"total":0.2049238,"children":null},"CollectDiscreteActionMasks":{"count":36248,"self":0.18572329999999998,"total":0.18572329999999998,"children":null},"RenderTextureSensor.GetCompressedObservation":{"count":108744,"self":1413.7146367999999,"total":1413.7145905,"children":null}}},"DecideAction":{"count":36248,"self":10.478263199999999,"total":10.478263,"children":null},"AgentAct":{"count":36248,"self":222.84546559999998,"total":222.84546809999998,"children":null}},"gauges":{},"metadata":{"timer_format_version":"0.1.0","start_time_seconds":"1610746766","unity_version":"2020.2.1f1","command_line_arguments":"C:\\Program Files\\Unity\\Hub\\Editor\\2020.2.1f1\\Editor\\Unity.exe -projectpath D:\/Work\/AI_COOPV2\/UnityTests\/Berlin_ML_URP -useHub -hubIPC -cloudEnvironment production -hubSessionId 7ea26080-4e90-11eb-b229-37bc9642c68e","communication_protocol_version":"1.0.0","com.unity.ml-agents_version":"1.1.0-preview","scene_name":"Berlin_Walk_v2","end_time_seconds":"1610748730"}}